"X-axis","Y-axis","Link"
-1250.1051952298276,-1165.962280315596,0
-1220.71176603551,-1173.2919704950643,1
-1228.3073440859669,-1201.593167229093,2
-1254.6120495508771,-1198.9254772915144,3
-1250.1051952298276,-1165.962280315596,4
