"X-axis","Y-axis","Link"
0.0, 0.0, 0
-120.1051952298276,-116.962280315596,0
-12.71176603551,-117.2919704950643,1
-122.3073440859669,-120.593167229093,2
-125.6120495508771,-119.9254772915144,3
-125.1051952298276,-116.962280315596,4
